{"cameraMode":{"drawMode":0,"name":"Shaded","section":"Shading Mode"},"sceneLighting":false,"audioPlay":false,"sceneViewState":{"m_AlwaysRefresh":false,"showFog":true,"showSkybox":false,"showFlares":true,"showImageEffects":true,"showParticleSystems":true,"showVisualEffectGraphs":true,"m_FxEnabled":false},"in2DMode":false,"pivot":{"x":0.00037044286727905273,"y":0.9565989971160889,"z":-0.04837629199028015},"rotation":{"x":0.016172008588910104,"y":-0.9770206809043884,"z":0.08391869813203812,"w":0.1952623426914215},"size":1.417445182800293,"orthographic":false}