{"cameraMode":{"drawMode":0,"name":"Shaded","section":"Shading Mode"},"sceneLighting":true,"audioPlay":false,"sceneViewState":{"m_AlwaysRefresh":false,"showFog":true,"showSkybox":true,"showFlares":true,"showImageEffects":true,"showParticleSystems":true,"showVisualEffectGraphs":true,"m_FxEnabled":false},"in2DMode":false,"pivot":{"x":-0.33493179082870486,"y":3.967899799346924,"z":-3.5822677612304689},"rotation":{"x":0.03317355364561081,"y":-0.9644916653633118,"z":0.15336740016937257,"w":0.21243949234485627},"size":2.8141231536865236,"orthographic":false}