{"cameraMode":{"drawMode":0,"name":"Shaded","section":"Shading Mode"},"sceneLighting":true,"audioPlay":false,"sceneViewState":{"m_AlwaysRefresh":false,"showFog":true,"showSkybox":true,"showFlares":true,"showImageEffects":true,"showParticleSystems":true,"showVisualEffectGraphs":true,"m_FxEnabled":false},"in2DMode":false,"pivot":{"x":0.029006928205490114,"y":7.4145684242248539,"z":-14.670905113220215},"rotation":{"x":0.18458601832389832,"y":-0.13610143959522248,"z":0.02642197534441948,"w":0.9729870557785034},"size":0.7297712564468384,"orthographic":false}