{"cameraMode":{"drawMode":0,"name":"Shaded","section":"Shading Mode"},"sceneLighting":true,"audioPlay":false,"sceneViewState":{"m_AlwaysRefresh":false,"showFog":true,"showSkybox":true,"showFlares":true,"showImageEffects":true,"showParticleSystems":true,"showVisualEffectGraphs":true,"m_FxEnabled":false},"in2DMode":false,"pivot":{"x":-12.55048656463623,"y":2.540140151977539,"z":1059.9635009765625},"rotation":{"x":0.23297348618507386,"y":-0.16020789742469788,"z":0.039555467665195468,"w":0.9583778977394104},"size":1.4749051332473755,"orthographic":false}