{"cameraMode":{"drawMode":0,"name":"Shaded","section":"Shading Mode"},"sceneLighting":false,"audioPlay":false,"sceneViewState":{"m_AlwaysRefresh":false,"showFog":true,"showSkybox":false,"showFlares":true,"showImageEffects":true,"showParticleSystems":true,"showVisualEffectGraphs":true,"m_FxEnabled":false},"in2DMode":false,"pivot":{"x":-0.14456558227539063,"y":2.058579206466675,"z":21.729585647583009},"rotation":{"x":0.3267658054828644,"y":-0.029185885563492776,"z":0.010716542601585389,"w":0.9445933699607849},"size":12.90994930267334,"orthographic":false}