{"cameraMode":{"drawMode":0,"name":"Shaded","section":"Shading Mode"},"sceneLighting":false,"audioPlay":false,"sceneViewState":{"m_AlwaysRefresh":false,"showFog":true,"showSkybox":false,"showFlares":true,"showImageEffects":true,"showParticleSystems":true,"showVisualEffectGraphs":true,"m_FxEnabled":false},"in2DMode":false,"pivot":{"x":-0.0000017881393432617188,"y":1.980351209640503,"z":0.028006643056869508},"rotation":{"x":0.05842587351799011,"y":0.07076264917850495,"z":-0.003563596634194255,"w":0.9957745671272278},"size":2.109257936477661,"orthographic":false}