{"cameraMode":{"drawMode":0,"name":"Shaded","section":"Shading Mode"},"sceneLighting":false,"audioPlay":false,"sceneViewState":{"m_AlwaysRefresh":false,"showFog":true,"showSkybox":false,"showFlares":true,"showImageEffects":true,"showParticleSystems":true,"showVisualEffectGraphs":true,"m_FxEnabled":false},"in2DMode":false,"pivot":{"x":-0.16600732505321504,"y":1.8213980197906495,"z":-0.048124074935913089},"rotation":{"x":0.3267658054828644,"y":-0.029185885563492776,"z":0.010716542601585389,"w":0.9445933699607849},"size":0.8660253882408142,"orthographic":false}