{"cameraMode":{"drawMode":0,"name":"Shaded","section":"Shading Mode"},"sceneLighting":false,"audioPlay":false,"sceneViewState":{"m_AlwaysRefresh":false,"showFog":false,"showSkybox":false,"showFlares":false,"showImageEffects":false,"showParticleSystems":false,"showVisualEffectGraphs":true,"m_FxEnabled":false},"in2DMode":false,"pivot":{"x":0.0003705024719238281,"y":0.9565989971160889,"z":-0.04837629199028015},"rotation":{"x":-0.062113456428050998,"y":-0.931718111038208,"z":0.1882609724998474,"w":-0.30429691076278689},"size":1.417445182800293,"orthographic":false}