{"cameraMode":{"drawMode":0,"name":"Shaded","section":"Shading Mode"},"sceneLighting":false,"audioPlay":false,"sceneViewState":{"m_AlwaysRefresh":false,"showFog":true,"showSkybox":false,"showFlares":true,"showImageEffects":true,"showParticleSystems":true,"showVisualEffectGraphs":true,"m_FxEnabled":false},"in2DMode":false,"pivot":{"x":0.02964794635772705,"y":2.777836799621582,"z":-2.184061050415039},"rotation":{"x":0.032961055636405948,"y":-0.06068595126271248,"z":0.002591270487755537,"w":0.9976085424423218},"size":3.803917169570923,"orthographic":false}