{"cameraMode":{"drawMode":0,"name":"Shaded","section":"Shading Mode"},"sceneLighting":false,"audioPlay":false,"sceneViewState":{"m_AlwaysRefresh":false,"showFog":true,"showSkybox":false,"showFlares":true,"showImageEffects":true,"showParticleSystems":true,"showVisualEffectGraphs":true,"m_FxEnabled":false},"in2DMode":false,"pivot":{"x":-0.010850667953491211,"y":1.7510887384414673,"z":0.43470773100852969},"rotation":{"x":0.0839628279209137,"y":-0.00402703694999218,"z":0.0009272968745790422,"w":0.9964593052864075},"size":2.4413702487945558,"orthographic":false}