{"cameraMode":{"drawMode":0,"name":"Shaded","section":"Shading Mode"},"sceneLighting":false,"audioPlay":false,"sceneViewState":{"m_AlwaysRefresh":false,"showFog":true,"showSkybox":false,"showFlares":true,"showImageEffects":true,"showParticleSystems":true,"showVisualEffectGraphs":true,"m_FxEnabled":false},"in2DMode":false,"pivot":{"x":0.029000043869018556,"y":5.29331636428833,"z":-3.744231700897217},"rotation":{"x":0.005300530232489109,"y":-0.9814225435256958,"z":0.18933914601802827,"w":0.0305646900087595},"size":2.525432586669922,"orthographic":false}