{"cameraMode":{"drawMode":0,"name":"Shaded","section":"Shading Mode"},"sceneLighting":false,"audioPlay":false,"sceneViewState":{"m_AlwaysRefresh":false,"showFog":true,"showSkybox":false,"showFlares":true,"showImageEffects":true,"showParticleSystems":true,"showVisualEffectGraphs":true,"m_FxEnabled":false},"in2DMode":false,"pivot":{"x":0.02964794635772705,"y":3.6310479640960695,"z":-3.6446585655212404},"rotation":{"x":0.0888509526848793,"y":-0.7286200523376465,"z":0.09718792885541916,"w":0.672138512134552},"size":2.4805290699005129,"orthographic":false}