{"cameraMode":{"drawMode":0,"name":"Shaded","section":"Shading Mode"},"sceneLighting":false,"audioPlay":false,"sceneViewState":{"m_AlwaysRefresh":false,"showFog":true,"showSkybox":false,"showFlares":true,"showImageEffects":true,"showParticleSystems":true,"showVisualEffectGraphs":true,"m_FxEnabled":false},"in2DMode":false,"pivot":{"x":-0.0000016689300537109376,"y":2.257267713546753,"z":0.543487548828125},"rotation":{"x":0.0334942527115345,"y":-0.9659060835838318,"z":0.17893663048744203,"w":0.18407514691352845},"size":2.1284120082855226,"orthographic":false}