{"cameraMode":{"drawMode":0,"name":"Shaded","section":"Shading Mode"},"sceneLighting":true,"audioPlay":false,"sceneViewState":{"m_AlwaysRefresh":false,"showFog":true,"showSkybox":true,"showFlares":true,"showImageEffects":true,"showParticleSystems":true,"showVisualEffectGraphs":true,"m_FxEnabled":true},"in2DMode":false,"pivot":{"x":-5.035590648651123,"y":-12.922382354736329,"z":-45.94269561767578},"rotation":{"x":0.010717464610934258,"y":-0.9800185561180115,"z":0.19082558155059815,"w":0.05504322797060013},"size":24.117137908935548,"orthographic":false}