{"cameraMode":{"drawMode":0,"name":"Shaded","section":"Shading Mode"},"sceneLighting":false,"audioPlay":false,"sceneViewState":{"m_AlwaysRefresh":false,"showFog":true,"showSkybox":false,"showFlares":true,"showImageEffects":true,"showParticleSystems":true,"showVisualEffectGraphs":true,"m_FxEnabled":false},"in2DMode":false,"pivot":{"x":5.6577863693237309,"y":27.737977981567384,"z":103.5194091796875},"rotation":{"x":-0.9911266565322876,"y":0.006851798854768276,"z":-0.12010964751243592,"w":-0.05654221028089523},"size":11.195265769958496,"orthographic":false}