{"cameraMode":{"drawMode":0,"name":"Shaded","section":"Shading Mode"},"sceneLighting":false,"audioPlay":false,"sceneViewState":{"m_AlwaysRefresh":false,"showFog":true,"showSkybox":false,"showFlares":true,"showImageEffects":true,"showParticleSystems":true,"showVisualEffectGraphs":true,"m_FxEnabled":false},"in2DMode":false,"pivot":{"x":0.34559184312820437,"y":31.865617752075197,"z":126.0344009399414},"rotation":{"x":-0.2679576873779297,"y":0.059778448194265369,"z":-0.016661452129483224,"w":-0.9614315629005432},"size":0.8660253882408142,"orthographic":false}