{"cameraMode":{"drawMode":0,"name":"Shaded","section":"Shading Mode"},"sceneLighting":false,"audioPlay":false,"sceneViewState":{"m_AlwaysRefresh":false,"showFog":true,"showSkybox":false,"showFlares":true,"showImageEffects":true,"showParticleSystems":true,"showVisualEffectGraphs":true,"m_FxEnabled":false},"in2DMode":false,"pivot":{"x":0.09767709672451019,"y":1.5595022439956666,"z":-2.216691732406616},"rotation":{"x":-0.009590783156454564,"y":-0.9741546511650086,"z":0.03940785676240921,"w":-0.2222122699022293},"size":2.109257936477661,"orthographic":false}